4043,82272,4046,4038,2017/12/1 9:00,,4210270
4037,48056,4044,4036,2017/12/1 9:05,,4210472
4038,44562,4039,4035,2017/12/1 9:10,,4206448
4036,64424,4039,4031,2017/12/1 9:15,,4208246
4040,41620,4041,4035,2017/12/1 9:20,,4213234
4033,52482,4042,4033,2017/12/1 9:25,,4210106
4024,196308,4035,4017,2017/12/1 9:30,,4198882
4024,68588,4027,4018,2017/12/1 9:35,,4193662
4012,177176,4024,4007,2017/12/1 9:40,,4166192
4012,89036,4018,4011,2017/12/1 9:45,,4168410
4022,72152,4022,4011,2017/12/1 9:50,,4170480
4023,46948,4024,4017,2017/12/1 9:55,,4169684
4027,81546,4031,4020,2017/12/1 10:00,,4174628
4028,50112,4032,4025,2017/12/1 10:05,,4181310
4026,29320,4030,4025,2017/12/1 10:10,,4183878
4018,57644,4031,4018,2017/12/1 10:30,,4179560
4019,41742,4022,4018,2017/12/1 10:35,,4178030
4014,73354,4019,4012,2017/12/1 10:40,,4172236
4006,90702,4015,4004,2017/12/1 10:45,,4175926
4007,65284,4009,4001,2017/12/1 10:50,,4182786
3997,179938,4007,3991,2017/12/1 10:55,,4174834
4006,100424,4009,3994,2017/12/1 11:00,,4161644
4007,44906,4008,4000,2017/12/1 11:05,,4165066
3994,76626,4006,3992,2017/12/1 11:10,,4168618
3998,180286,4001,3983,2017/12/1 11:15,,4162080
3975,218066,4000,3972,2017/12/1 11:20,,4171126
3992,171254,3992,3974,2017/12/1 11:25,,4159256
3999,108792,4004,3993,2017/12/1 13:30,,4165968
4006,84236,4008,3999,2017/12/1 13:35,,4155228
4004,42356,4007,4002,2017/12/1 13:40,,4155184
4008,42798,4009,4003,2017/12/1 13:45,,4156566
4011,57058,4012,4007,2017/12/1 13:50,,4154164
4008,42652,4013,4007,2017/12/1 13:55,,4156946
4000,55946,4009,4000,2017/12/1 14:00,,4156454
4006,41662,4006,3997,2017/12/1 14:05,,4160292
4014,95478,4017,4005,2017/12/1 14:10,,4156520
4008,52052,4016,4007,2017/12/1 14:15,,4155548
4008,20114,4013,4008,2017/12/1 14:20,,4156540
4011,32794,4013,4008,2017/12/1 14:25,,4154836
4012,42138,4016,4010,2017/12/1 14:30,,4151832
4012,26308,4015,4011,2017/12/1 14:35,,4150328
4016,42690,4017,4012,2017/12/1 14:40,,4145804
4027,127920,4027,4015,2017/12/1 14:45,,4144650
4024,80030,4027,4021,2017/12/1 14:50,,4144430
4022,113854,4024,4018,2017/12/1 14:55,,4130362
4021,118340,4026,4007,2017/12/1 21:00,,4136002
4013,67408,4021,4009,2017/12/1 21:05,,4135056
4022,75854,4024,4012,2017/12/1 21:10,,4137074
4017,136046,4030,4016,2017/12/1 21:15,,4145278
4019,60940,4023,4016,2017/12/1 21:20,,4155598
4019,54978,4022,4015,2017/12/1 21:25,,4154040
4004,165326,4020,3997,2017/12/1 21:30,,4163918
4004,77174,4010,4003,2017/12/1 21:35,,4176910
4004,71906,4008,4000,2017/12/1 21:40,,4175908
4006,41786,4010,4003,2017/12/1 21:45,,4173428
4005,47604,4007,4000,2017/12/1 21:50,,4179394
4001,26062,4007,4001,2017/12/1 21:55,,4177484
4007,34422,4008,4001,2017/12/1 22:00,,4174936
4006,29122,4010,4005,2017/12/1 22:05,,4174190
4006,61734,4010,3999,2017/12/1 22:10,,4169244
4003,39332,4008,4000,2017/12/1 22:15,,4169554
4005,26172,4006,4001,2017/12/1 22:20,,4169026
4005,21254,4007,4002,2017/12/1 22:25,,4165950
4007,23300,4009,4003,2017/12/1 22:30,,4162226
4014,75796,4017,4004,2017/12/1 22:35,,4153144
4013,46018,4018,4012,2017/12/1 22:40,,4155708
4018,58616,4021,4013,2017/12/1 22:45,,4151526
4020,57750,4022,4017,2017/12/1 22:50,,4136382
4042,231472,4047,4019,2017/12/1 22:55,,4110026
4096,525894,4112,4088,2017/12/4 9:00,,4098796
4095,147192,4101,4091,2017/12/4 9:05,,4093614
4098,94274,4098,4091,2017/12/4 9:10,,4086486
4113,138976,4116,4098,2017/12/4 9:15,,4107340
4110,143796,4119,4105,2017/12/4 9:20,,4116496
4117,84612,4119,4106,2017/12/4 9:25,,4131858
4113,96148,4125,4110,2017/12/4 9:30,,4128660
4118,40884,4120,4112,2017/12/4 9:35,,4137148
4122,137814,4129,4118,2017/12/4 9:40,,4144786
4118,48158,4123,4117,2017/12/4 9:45,,4150854
4129,74906,4131,4117,2017/12/4 9:50,,4155324
4122,86274,4136,4122,2017/12/4 9:55,,4170176
4113,87072,4126,4111,2017/12/4 10:00,,4159494
4100,137588,4113,4099,2017/12/4 10:05,,4150356
4107,60650,4110,4099,2017/12/4 10:10,,4143236
4109,38596,4109,4103,2017/12/4 10:30,,4145800
4111,34860,4112,4103,2017/12/4 10:35,,4148474
4114,42086,4116,4109,2017/12/4 10:40,,4152520
4119,43328,4121,4114,2017/12/4 10:45,,4156062
4117,41442,4123,4116,2017/12/4 10:50,,4159430
4117,34478,4120,4110,2017/12/4 10:55,,4160400
4102,55068,4119,4102,2017/12/4 11:00,,4161364
4110,68364,4111,4101,2017/12/4 11:05,,4160016
4105,26074,4111,4105,2017/12/4 11:10,,4163932
4092,218374,4105,4078,2017/12/4 11:15,,4140868
4088,92274,4102,4087,2017/12/4 11:20,,4153836
4088,174880,4092,4072,2017/12/4 11:25,,4149914
4102,95418,4107,4091,2017/12/4 13:30,,4152590
4108,54202,4110,4100,2017/12/4 13:35,,4159494
4111,55026,4115,4105,2017/12/4 13:40,,4166794
4109,36402,4112,4106,2017/12/4 13:45,,4171570
4101,49378,4111,4101,2017/12/4 13:50,,4183222
4106,38648,4109,4100,2017/12/4 13:55,,4192042
4108,54118,4115,4105,2017/12/4 14:00,,4202076
4105,35888,4109,4100,2017/12/4 14:05,,4201984
4109,27974,4110,4101,2017/12/4 14:10,,4204112
4106,27862,4111,4104,2017/12/4 14:15,,4207520
4102,34944,4108,4102,2017/12/4 14:20,,4206356
4102,33140,4106,4100,2017/12/4 14:25,,4207270
4103,97680,4105,4091,2017/12/4 14:30,,4215628
4107,50356,4109,4102,2017/12/4 14:35,,4219714
4109,34290,4110,4104,2017/12/4 14:40,,4225502
4119,101390,4120,4107,2017/12/4 14:45,,4234082
4114,125248,4120,4104,2017/12/4 14:50,,4227142
4104,135326,4114,4103,2017/12/4 14:55,,4204636
4102,118704,4106,4093,2017/12/4 21:00,,4202292
4098,64904,4107,4097,2017/12/4 21:05,,4201352
4111,75460,4111,4098,2017/12/4 21:10,,4208514
4110,50100,4112,4107,2017/12/4 21:15,,4221714
4104,54560,4112,4101,2017/12/4 21:20,,4221486
4103,42132,4107,4100,2017/12/4 21:25,,4221302
4100,26786,4105,4100,2017/12/4 21:30,,4224046
4107,28830,4107,4100,2017/12/4 21:35,,4225412
4101,38952,4107,4098,2017/12/4 21:40,,4225092
4102,77698,4102,4086,2017/12/4 21:45,,4221136
4107,58586,4109,4100,2017/12/4 21:50,,4225072
4108,28202,4110,4105,2017/12/4 21:55,,4228078
4109,30300,4109,4103,2017/12/4 22:00,,4231188
4109,18228,4109,4105,2017/12/4 22:05,,4231270
4106,18494,4109,4103,2017/12/4 22:10,,4230278
4113,62722,4116,4104,2017/12/4 22:15,,4229040
4113,42408,4115,4109,2017/12/4 22:20,,4231262
4124,96764,4126,4110,2017/12/4 22:25,,4226098
4116,53432,4125,4116,2017/12/4 22:30,,4226760
4120,40812,4123,4113,2017/12/4 22:35,,4224186
4123,55210,4128,4120,2017/12/4 22:40,,4223924
4111,110502,4123,4107,2017/12/4 22:45,,4214842
4110,36682,4113,4106,2017/12/4 22:50,,4208662
4112,57948,4115,4108,2017/12/4 22:55,,4197464
4123,81574,4124,4113,2017/12/5 9:00,,4199916
4120,48306,4126,4117,2017/12/5 9:05,,4203850
4121,30544,4122,4117,2017/12/5 9:10,,4201600
4125,23864,4125,4120,2017/12/5 9:15,,4204090
4126,79470,4131,4124,2017/12/5 9:20,,4205572
4119,70052,4130,4118,2017/12/5 9:25,,4193600
4121,28802,4123,4118,2017/12/5 9:30,,4190342
4121,16236,4124,4120,2017/12/5 9:35,,4190774
4117,36666,4123,4115,2017/12/5 9:40,,4185474
4120,19684,4122,4117,2017/12/5 9:45,,4186116
4122,16126,4123,4119,2017/12/5 9:50,,4185864
4125,20514,4125,4120,2017/12/5 9:55,,4186498
4127,27290,4127,4121,2017/12/5 10:00,,4191262
4123,16022,4127,4123,2017/12/5 10:05,,4190578
4120,39866,4123,4116,2017/12/5 10:10,,4185840
4123,19244,4124,4120,2017/12/5 10:30,,4183656
4111,50264,4124,4109,2017/12/5 10:35,,4181952
4106,93778,4112,4105,2017/12/5 10:40,,4184320
4110,70356,4113,4103,2017/12/5 10:45,,4187334
4108,35296,4112,4106,2017/12/5 10:50,,4188630
4095,110504,4109,4091,2017/12/5 10:55,,4181858
4105,88626,4105,4091,2017/12/5 11:00,,4175798
4107,38360,4109,4102,2017/12/5 11:05,,4178412
4108,38872,4111,4103,2017/12/5 11:10,,4176908
4109,20020,4109,4105,2017/12/5 11:15,,4175310
4116,78366,4119,4108,2017/12/5 11:20,,4166506
4121,52194,4121,4112,2017/12/5 11:25,,4164126
4105,98678,4120,4103,2017/12/5 13:30,,4164558
4112,60456,4115,4104,2017/12/5 13:35,,4170012
4113,47530,4115,4109,2017/12/5 13:40,,4171586
4115,29496,4115,4110,2017/12/5 13:45,,4171752
4109,43764,4116,4108,2017/12/5 13:50,,4169420
4103,83856,4114,4103,2017/12/5 13:55,,4178092
4102,74458,4107,4100,2017/12/5 14:00,,4170350
4083,269846,4104,4076,2017/12/5 14:05,,4149716
4064,222200,4087,4063,2017/12/5 14:10,,4139462
4081,138086,4081,4064,2017/12/5 14:15,,4135372
4079,83708,4086,4078,2017/12/5 14:20,,4140470
4070,158888,4079,4065,2017/12/5 14:25,,4149732
4074,81582,4079,4070,2017/12/5 14:30,,4141554
4061,154316,4075,4058,2017/12/5 14:35,,4134894
4070,135282,4071,4056,2017/12/5 14:40,,4135222
4068,69244,4074,4067,2017/12/5 14:45,,4131892
4075,73592,4076,4066,2017/12/5 14:50,,4124480
4073,99830,4078,4070,2017/12/5 14:55,,4114660
4063,158484,4075,4052,2017/12/5 21:00,,4105502
4071,76342,4071,4062,2017/12/5 21:05,,4110238
4071,43122,4071,4065,2017/12/5 21:10,,4111226
4069,47704,4075,4068,2017/12/5 21:15,,4113192
4071,60222,4077,4068,2017/12/5 21:20,,4118032
4066,58340,4072,4065,2017/12/5 21:25,,4112560
4068,42052,4070,4063,2017/12/5 21:30,,4115140
4068,52908,4074,4067,2017/12/5 21:35,,4126660
4068,33296,4072,4066,2017/12/5 21:40,,4131794
4068,40080,4069,4062,2017/12/5 21:45,,4133404
4064,26852,4070,4064,2017/12/5 21:50,,4136910
4060,65552,4066,4059,2017/12/5 21:55,,4153648
4065,83120,4066,4054,2017/12/5 22:00,,4155934
4066,34562,4069,4063,2017/12/5 22:05,,4156936
4062,23258,4067,4061,2017/12/5 22:10,,4159972
4061,26798,4065,4058,2017/12/5 22:15,,4160328
4030,236104,4061,4029,2017/12/5 22:20,,4138162
4016,288464,4037,4012,2017/12/5 22:25,,4118018
4018,318640,4022,3995,2017/12/5 22:30,,4089374
4023,135098,4031,4016,2017/12/5 22:35,,4082284
4022,68504,4025,4019,2017/12/5 22:40,,4087492
4038,104344,4038,4022,2017/12/5 22:45,,4082284
4025,65664,4039,4024,2017/12/5 22:50,,4078150
4025,77992,4027,4021,2017/12/5 22:55,,4056770
4020,80790,4033,4020,2017/12/6 9:00,,4054134
4017,74040,4023,4014,2017/12/6 9:05,,4057924
4023,45130,4026,4016,2017/12/6 9:10,,4057986
4019,45756,4027,4019,2017/12/6 9:15,,4058560
4021,25418,4023,4018,2017/12/6 9:20,,4059782
4016,39314,4023,4014,2017/12/6 9:25,,4061144
4025,33492,4025,4016,2017/12/6 9:30,,4062228
4021,22152,4025,4019,2017/12/6 9:35,,4066002
4022,22116,4025,4019,2017/12/6 9:40,,4069426
4007,98500,4022,4005,2017/12/6 9:45,,4073428
3997,218182,4010,3987,2017/12/6 9:50,,4062568
3999,101386,4005,3997,2017/12/6 9:55,,4063038
4005,80026,4009,3998,2017/12/6 10:00,,4059990
4000,30500,4006,4000,2017/12/6 10:05,,4057294
3993,90182,4001,3991,2017/12/6 10:10,,4074280
3992,123552,3995,3986,2017/12/6 10:30,,4068870
3992,50422,3996,3990,2017/12/6 10:35,,4070336
3996,43770,3996,3989,2017/12/6 10:40,,4072282
3972,251948,3996,3967,2017/12/6 10:45,,4048120
3972,135088,3977,3964,2017/12/6 10:50,,4053988
3975,96424,3977,3965,2017/12/6 10:55,,4063212
3965,124100,3977,3963,2017/12/6 11:00,,4069948
3967,54158,3973,3964,2017/12/6 11:05,,4074220
3973,98168,3979,3964,2017/12/6 11:10,,4077960
3980,66906,3981,3971,2017/12/6 11:15,,4076922
3976,58390,3981,3974,2017/12/6 11:20,,4072060
3981,77190,3984,3974,2017/12/6 11:25,,4066428
3986,98908,3987,3972,2017/12/6 13:30,,4076970
3987,51416,3988,3982,2017/12/6 13:35,,4075688
3990,69800,3996,3986,2017/12/6 13:40,,4077410
3989,33202,3992,3988,2017/12/6 13:45,,4077326
3975,98342,3990,3971,2017/12/6 13:50,,4070692
3975,49134,3980,3974,2017/12/6 13:55,,4069698
3978,91724,3981,3968,2017/12/6 14:00,,4074866
3975,29770,3982,3975,2017/12/6 14:05,,4075910
3978,26054,3983,3975,2017/12/6 14:10,,4076488
3981,26742,3983,3975,2017/12/6 14:15,,4076256
3983,37342,3986,3977,2017/12/6 14:20,,4077882
3976,33494,3983,3975,2017/12/6 14:25,,4077598
3969,126558,3978,3964,2017/12/6 14:30,,4069020
3971,43754,3974,3968,2017/12/6 14:35,,4069836
3977,56348,3981,3971,2017/12/6 14:40,,4066798
3985,85448,3987,3976,2017/12/6 14:45,,4067730
3977,57506,3986,3976,2017/12/6 14:50,,4060516
3974,112642,3982,3971,2017/12/6 14:55,,4033308
3983,114604,3986,3975,2017/12/6 21:00,,4039048
3983,57556,3986,3979,2017/12/6 21:05,,4039414
3977,70768,3984,3973,2017/12/6 21:10,,4042188
3970,90630,3977,3966,2017/12/6 21:15,,4045216
3974,68910,3976,3964,2017/12/6 21:20,,4046806
3956,131554,3975,3950,2017/12/6 21:25,,4044596
3979,186556,3979,3951,2017/12/6 21:30,,4040824
3985,151558,3989,3980,2017/12/6 21:35,,4032188
3987,115650,3995,3984,2017/12/6 21:40,,4026702
3986,40530,3988,3983,2017/12/6 21:45,,4027372
3984,33944,3989,3983,2017/12/6 21:50,,4027204
3985,22588,3987,3983,2017/12/6 21:55,,4030794
3983,47244,3986,3978,2017/12/6 22:00,,4029304
3988,45162,3990,3979,2017/12/6 22:05,,4031172
3985,23046,3988,3983,2017/12/6 22:10,,4033422
3985,15704,3987,3983,2017/12/6 22:15,,4033408
3986,26124,3987,3980,2017/12/6 22:20,,4033100
3984,30160,3989,3983,2017/12/6 22:25,,4034584
3984,18842,3985,3981,2017/12/6 22:30,,4032192
3984,18812,3987,3983,2017/12/6 22:35,,4032016
3978,80272,3985,3973,2017/12/6 22:40,,4022672
3972,71986,3984,3971,2017/12/6 22:45,,4017260
3975,65940,3981,3969,2017/12/6 22:50,,4013574
3962,94490,3977,3962,2017/12/6 22:55,,3980356
3949,146432,3967,3947,2017/12/7 9:00,,3973586
3938,194040,3953,3931,2017/12/7 9:05,,3962924
3927,159452,3949,3926,2017/12/7 9:10,,3963042
3933,121746,3938,3927,2017/12/7 9:15,,3959540
3929,95392,3935,3926,2017/12/7 9:20,,3957760
3927,82488,3932,3924,2017/12/7 9:25,,3953916
3938,81196,3940,3926,2017/12/7 9:30,,3948496
3933,38432,3938,3932,2017/12/7 9:35,,3950518
3933,34976,3937,3930,2017/12/7 9:40,,3950756
3936,22522,3937,3933,2017/12/7 9:45,,3954610
3922,75972,3937,3921,2017/12/7 9:50,,3962396
3926,81192,3928,3919,2017/12/7 9:55,,3964602
3924,84824,3927,3917,2017/12/7 10:00,,3964116
3918,48206,3927,3918,2017/12/7 10:05,,3956096
3918,76164,3921,3913,2017/12/7 10:10,,3949598
3921,42490,3923,3917,2017/12/7 10:30,,3946274
3920,27868,3922,3916,2017/12/7 10:35,,3945702
3919,34690,3923,3918,2017/12/7 10:40,,3947884
3933,104552,3937,3918,2017/12/7 10:45,,3938288
3934,53964,3937,3931,2017/12/7 10:50,,3936796
3934,90946,3944,3933,2017/12/7 10:55,,3932694
3934,45246,3937,3929,2017/12/7 11:00,,3934914
3939,46436,3941,3932,2017/12/7 11:05,,3935938
3943,65354,3947,3938,2017/12/7 11:10,,3934772
3938,37092,3944,3936,2017/12/7 11:15,,3939162
3935,26386,3942,3935,2017/12/7 11:20,,3938226
3936,55334,3938,3929,2017/12/7 11:25,,3929742
3949,162926,3957,3939,2017/12/7 13:30,,3931140
3944,63870,3950,3942,2017/12/7 13:35,,3932474
3936,59492,3944,3935,2017/12/7 13:40,,3934368
3931,88188,3936,3927,2017/12/7 13:45,,3937880
3926,56292,3933,3925,2017/12/7 13:50,,3941202
3931,34696,3932,3924,2017/12/7 13:55,,3941410
3928,45160,3931,3924,2017/12/7 14:00,,3941082
3930,39696,3933,3925,2017/12/7 14:05,,3941842
3929,31676,3932,3925,2017/12/7 14:10,,3947380
3926,35670,3933,3925,2017/12/7 14:15,,3947420
3923,108922,3927,3916,2017/12/7 14:20,,3942164
3921,72856,3930,3919,2017/12/7 14:25,,3936848
3904,200816,3921,3904,2017/12/7 14:30,,3925028
3895,254890,3908,3892,2017/12/7 14:35,,3917826
3878,231700,3896,3878,2017/12/7 14:40,,3898130
3822,510848,3885,3821,2017/12/7 14:45,,3858060
3855,625772,3859,3798,2017/12/7 14:50,,3804060
3863,323616,3869,3851,2017/12/7 14:55,,3772170
3861,207712,3881,3860,2017/12/7 21:00,,3760406
3863,95706,3872,3861,2017/12/7 21:05,,3767732
3855,121670,3864,3849,2017/12/7 21:10,,3769034
3852,136370,3861,3842,2017/12/7 21:15,,3760286
3855,70266,3859,3850,2017/12/7 21:20,,3764280
3842,87200,3855,3841,2017/12/7 21:25,,3753588
3846,66076,3852,3841,2017/12/7 21:30,,3751714
3849,38332,3852,3846,2017/12/7 21:35,,3749914
3845,63558,3851,3842,2017/12/7 21:40,,3751298
3849,40072,3851,3842,2017/12/7 21:45,,3750644
3861,72206,3862,3848,2017/12/7 21:50,,3748394
3864,125532,3873,3859,2017/12/7 21:55,,3733316
3862,51212,3867,3861,2017/12/7 22:00,,3732332
3860,43450,3866,3858,2017/12/7 22:05,,3732932
3855,40732,3862,3854,2017/12/7 22:10,,3732082
3858,28286,3861,3856,2017/12/7 22:15,,3732208
3860,27002,3865,3858,2017/12/7 22:20,,3732184
3854,68100,3862,3850,2017/12/7 22:25,,3726320
3855,45190,3855,3848,2017/12/7 22:30,,3723372
3865,92990,3872,3854,2017/12/7 22:35,,3718124
3866,47986,3868,3862,2017/12/7 22:40,,3722066
3862,34428,3866,3858,2017/12/7 22:45,,3714900
3864,37644,3870,3861,2017/12/7 22:50,,3710146
3860,74128,3866,3853,2017/12/7 22:55,,3685844
3871,75694,3872,3859,2017/12/8 9:00,,3690322
3867,47900,3872,3862,2017/12/8 9:05,,3686936
3862,45198,3868,3859,2017/12/8 9:10,,3686060
3862,22794,3865,3860,2017/12/8 9:15,,3690110
3862,24078,3866,3861,2017/12/8 9:20,,3692152
3861,21094,3863,3858,2017/12/8 9:25,,3693218
3861,22988,3864,3858,2017/12/8 9:30,,3695760
3854,50844,3862,3851,2017/12/8 9:35,,3699554
3853,34500,3858,3851,2017/12/8 9:40,,3703032
3855,43296,3856,3849,2017/12/8 9:45,,3704446
3863,38342,3864,3854,2017/12/8 9:50,,3700992
3859,38894,3866,3859,2017/12/8 9:55,,3698030
3855,32738,3861,3854,2017/12/8 10:00,,3693300
3864,34122,3865,3854,2017/12/8 10:05,,3690098
3859,24814,3865,3857,2017/12/8 10:10,,3692020
3857,15524,3862,3856,2017/12/8 10:30,,3692026
3853,26892,3859,3853,2017/12/8 10:35,,3688114
3851,30770,3857,3850,2017/12/8 10:40,,3688062
3855,45568,3856,3847,2017/12/8 10:45,,3684662
3859,33670,3860,3853,2017/12/8 10:50,,3686090
3861,31818,3862,3855,2017/12/8 10:55,,3687612
3871,112972,3874,3858,2017/12/8 11:00,,3689590
3874,147002,3881,3871,2017/12/8 11:05,,3684598
3884,103072,3888,3869,2017/12/8 11:10,,3679008
3882,105246,3885,3874,2017/12/8 11:15,,3677066
3882,48392,3885,3879,2017/12/8 11:20,,3681450
3906,247228,3912,3882,2017/12/8 11:25,,3667316
3916,251042,3925,3906,2017/12/8 13:30,,3642224
3921,108678,3923,3914,2017/12/8 13:35,,3642578
3934,208374,3937,3919,2017/12/8 13:40,,3658136
3927,121646,3936,3925,2017/12/8 13:45,,3652644
3920,77898,3930,3918,2017/12/8 13:50,,3651784
3930,66714,3932,3918,2017/12/8 13:55,,3653044
3923,57542,3930,3922,2017/12/8 14:00,,3647010
3920,86694,3924,3915,2017/12/8 14:05,,3641170
3934,79268,3934,3920,2017/12/8 14:10,,3645476
3926,56684,3935,3923,2017/12/8 14:15,,3654804
3928,38392,3930,3924,2017/12/8 14:20,,3653086
3928,25684,3929,3923,2017/12/8 14:25,,3652616
3932,44724,3933,3925,2017/12/8 14:30,,3654396
3939,136508,3946,3929,2017/12/8 14:35,,3649062
3933,153618,3948,3928,2017/12/8 14:40,,3638164
3932,105148,3933,3922,2017/12/8 14:45,,3640168
3935,59914,3937,3929,2017/12/8 14:50,,3637912
3934,122380,3941,3929,2017/12/8 14:55,,3616402
3936,96850,3941,3924,2017/12/8 21:00,,3617030
3945,86856,3946,3933,2017/12/8 21:05,,3619396
3934,68420,3946,3933,2017/12/8 21:10,,3623922
3926,99658,3937,3920,2017/12/8 21:15,,3620406
3927,87854,3929,3917,2017/12/8 21:20,,3617754
3919,87104,3928,3912,2017/12/8 21:25,,3617576
3921,43938,3924,3918,2017/12/8 21:30,,3617992
3925,39452,3927,3919,2017/12/8 21:35,,3621888
3922,25682,3926,3921,2017/12/8 21:40,,3622078
3923,35462,3925,3918,2017/12/8 21:45,,3623522
3925,43774,3930,3922,2017/12/8 21:50,,3622548
3922,28954,3927,3919,2017/12/8 21:55,,3622218
3926,31766,3928,3919,2017/12/8 22:00,,3627074
3933,79256,3939,3927,2017/12/8 22:05,,3628296
3931,48978,3941,3930,2017/12/8 22:10,,3631354
3947,135708,3954,3931,2017/12/8 22:15,,3638532
3946,89990,3953,3942,2017/12/8 22:20,,3644840
3949,41108,3950,3944,2017/12/8 22:25,,3648882
3946,48406,3952,3945,2017/12/8 22:30,,3655472
3960,99470,3961,3944,2017/12/8 22:35,,3650316
3959,164684,3968,3956,2017/12/8 22:40,,3632638
3952,102224,3962,3947,2017/12/8 22:45,,3613060
3951,46750,3954,3948,2017/12/8 22:50,,3610872
3959,86852,3960,3946,2017/12/8 22:55,,3592684
3967,242594,3980,3964,2017/12/11 9:00,,3599030
3983,147672,3984,3967,2017/12/11 9:05,,3607218
3996,189642,3998,3979,2017/12/11 9:10,,3618052
3992,134242,3997,3987,2017/12/11 9:15,,3607996
3983,159636,3999,3981,2017/12/11 9:20,,3600562
3986,59406,3990,3983,2017/12/11 9:25,,3604234
3979,88654,3985,3976,2017/12/11 9:30,,3599908
3987,52130,3988,3978,2017/12/11 9:35,,3602586
3986,50922,3990,3984,2017/12/11 9:40,,3607160
3986,29154,3988,3981,2017/12/11 9:45,,3613600
3984,24778,3987,3982,2017/12/11 9:50,,3613366
3979,38424,3986,3979,2017/12/11 9:55,,3616038
3976,69624,3983,3973,2017/12/11 10:00,,3615506
3972,91236,3977,3966,2017/12/11 10:05,,3610218
3983,46688,3984,3971,2017/12/11 10:10,,3614296
3974,47936,3985,3973,2017/12/11 10:30,,3620244
3945,199548,3974,3942,2017/12/11 10:35,,3604688
3937,216216,3951,3930,2017/12/11 10:40,,3596438
3927,157226,3945,3922,2017/12/11 10:45,,3586204
3916,212232,3934,3912,2017/12/11 10:50,,3570922
3925,123900,3929,3915,2017/12/11 10:55,,3570818
3932,99522,3937,3925,2017/12/11 11:00,,3570782
3938,63816,3939,3925,2017/12/11 11:05,,3579016
3936,52556,3938,3930,2017/12/11 11:10,,3582456
3940,54156,3942,3931,2017/12/11 11:15,,3590802
3946,77612,3948,3938,2017/12/11 11:20,,3599174
3942,109920,3955,3940,2017/12/11 11:25,,3594306
3942,88392,3950,3939,2017/12/11 13:30,,3593608
3950,48506,3952,3941,2017/12/11 13:35,,3593604
3956,49492,3956,3949,2017/12/11 13:40,,3595916
3965,110056,3971,3954,2017/12/11 13:45,,3598652
3964,60218,3968,3960,2017/12/11 13:50,,3599236
3962,62100,3964,3951,2017/12/11 13:55,,3600406
3956,56132,3965,3954,2017/12/11 14:00,,3609660
3953,45704,3957,3951,2017/12/11 14:05,,3614836
3963,50724,3964,3953,2017/12/11 14:10,,3622038
3958,43062,3966,3956,2017/12/11 14:15,,3627908
3951,76268,3958,3945,2017/12/11 14:20,,3625842
3952,57940,3955,3943,2017/12/11 14:25,,3628822
3943,118914,3953,3937,2017/12/11 14:30,,3620568
3948,72842,3951,3937,2017/12/11 14:35,,3616142
3943,50600,3950,3942,2017/12/11 14:40,,3623094
3941,149154,3944,3927,2017/12/11 14:45,,3602744
3941,68228,3947,3938,2017/12/11 14:50,,3600386
3949,70516,3949,3940,2017/12/11 14:55,,3592650
3957,142974,3968,3952,2017/12/11 21:00,,3597016
3949,91370,3958,3944,2017/12/11 21:05,,3599470
3957,69018,3958,3946,2017/12/11 21:10,,3606902
3961,111602,3967,3955,2017/12/11 21:15,,3617244
3958,41004,3962,3957,2017/12/11 21:20,,3619378
3959,53290,3960,3952,2017/12/11 21:25,,3613944
3956,42564,3960,3952,2017/12/11 21:30,,3615748
3954,21052,3957,3952,2017/12/11 21:35,,3619814
3948,38494,3954,3948,2017/12/11 21:40,,3621032
3959,53338,3960,3947,2017/12/11 21:45,,3618974
3960,57694,3961,3956,2017/12/11 21:50,,3628220
3973,115906,3976,3958,2017/12/11 21:55,,3630276
3968,87872,3975,3966,2017/12/11 22:00,,3635528
3968,32660,3973,3967,2017/12/11 22:05,,3643294
3958,60496,3971,3958,2017/12/11 22:10,,3638350
3961,46238,3962,3957,2017/12/11 22:15,,3631512
3961,30048,3964,3957,2017/12/11 22:20,,3631100
3967,44244,3969,3960,2017/12/11 22:25,,3635900
3967,46500,3971,3965,2017/12/11 22:30,,3644498
3967,42306,3972,3966,2017/12/11 22:35,,3650924
3971,23818,3972,3967,2017/12/11 22:40,,3651486
3965,76720,3978,3961,2017/12/11 22:45,,3644818
3970,34604,3976,3965,2017/12/11 22:50,,3643828
3969,58394,3975,3968,2017/12/11 22:55,,3628470
3987,251402,3992,3979,2017/12/12 9:00,,3620648
4005,173510,4006,3985,2017/12/12 9:05,,3635052
4003,223614,4016,4001,2017/12/12 9:10,,3646926
3997,114736,4003,3992,2017/12/12 9:15,,3629894
3984,108062,3997,3978,2017/12/12 9:20,,3614934
3986,63046,3989,3981,2017/12/12 9:25,,3615982
3994,49852,3995,3987,2017/12/12 9:30,,3625744
3989,36982,3994,3989,2017/12/12 9:35,,3628386
3989,38030,3991,3983,2017/12/12 9:40,,3626664
3993,26978,3994,3988,2017/12/12 9:45,,3631726
3993,24414,3996,3990,2017/12/12 9:50,,3634270
3994,20780,3995,3990,2017/12/12 9:55,,3636858
3988,86600,4000,3987,2017/12/12 10:00,,3646590
3981,93650,3988,3978,2017/12/12 10:05,,3642136
3989,42518,3990,3979,2017/12/12 10:10,,3644954
3985,29468,3991,3982,2017/12/12 10:30,,3649542
3959,217378,3985,3956,2017/12/12 10:35,,3616360
3958,88840,3965,3953,2017/12/12 10:40,,3621380
3957,71022,3964,3954,2017/12/12 10:45,,3620218
3957,66778,3961,3953,2017/12/12 10:50,,3631566
3950,111660,3958,3946,2017/12/12 10:55,,3636334
3943,126946,3956,3940,2017/12/12 11:00,,3639894
3948,129244,3951,3936,2017/12/12 11:05,,3645784
3949,57164,3952,3947,2017/12/12 11:10,,3644730
3947,65786,3954,3944,2017/12/12 11:15,,3649808
3955,50978,3956,3945,2017/12/12 11:20,,3645166
3955,64234,3959,3952,2017/12/12 11:25,,3640708
3954,41140,3960,3951,2017/12/12 13:30,,3646972
3953,25782,3958,3952,2017/12/12 13:35,,3646328
3954,22770,3956,3950,2017/12/12 13:40,,3647626
3948,45850,3958,3948,2017/12/12 13:45,,3648402
3945,73476,3951,3942,2017/12/12 13:50,,3652864
3947,46110,3949,3942,2017/12/12 13:55,,3659258
3946,44512,3951,3945,2017/12/12 14:00,,3662860
3933,266542,3945,3922,2017/12/12 14:05,,3660926
3911,213786,3935,3910,2017/12/12 14:10,,3664494
3919,192840,3922,3902,2017/12/12 14:15,,3657148
3913,90246,3920,3910,2017/12/12 14:20,,3650498
3924,91826,3925,3910,2017/12/12 14:25,,3650576
3919,48650,3924,3919,2017/12/12 14:30,,3648842
3913,77946,3920,3911,2017/12/12 14:35,,3647060
3928,86794,3929,3911,2017/12/12 14:40,,3640782
3929,106632,3935,3924,2017/12/12 14:45,,3636350
3925,66648,3934,3922,2017/12/12 14:50,,3627656
3923,102726,3934,3922,2017/12/12 14:55,,3605320
3911,166552,3926,3905,2017/12/12 21:00,,3616472
3917,94020,3919,3909,2017/12/12 21:05,,3626824
3920,87484,3926,3916,2017/12/12 21:10,,3629086
3924,74472,3928,3919,2017/12/12 21:15,,3631156
3916,68866,3924,3915,2017/12/12 21:20,,3634258
3892,233226,3919,3887,2017/12/12 21:25,,3625090
3889,270332,3894,3884,2017/12/12 21:30,,3623440
3893,112144,3895,3888,2017/12/12 21:35,,3623560
3888,103558,3893,3884,2017/12/12 21:40,,3644226
3881,175604,3888,3879,2017/12/12 21:45,,3663892
3882,156618,3883,3873,2017/12/12 21:50,,3671322
3861,192534,3883,3860,2017/12/12 21:55,,3668130
3870,166456,3873,3858,2017/12/12 22:00,,3664662
3863,76596,3872,3862,2017/12/12 22:05,,3668182
3877,85806,3878,3863,2017/12/12 22:10,,3670450
3884,95934,3885,3874,2017/12/12 22:15,,3663026
3879,70690,3887,3879,2017/12/12 22:20,,3664818
3892,80230,3892,3879,2017/12/12 22:25,,3664250
3887,79822,3893,3883,2017/12/12 22:30,,3665052
3884,28660,3887,3882,2017/12/12 22:35,,3663676
3877,47296,3886,3877,2017/12/12 22:40,,3660882
3884,37746,3884,3877,2017/12/12 22:45,,3655122
3876,51072,3888,3876,2017/12/12 22:50,,3645362
3883,75400,3887,3874,2017/12/12 22:55,,3631042
3886,75720,3890,3878,2017/12/13 9:00,,3639066
3901,114892,3902,3879,2017/12/13 9:05,,3633742
3898,67402,3901,3894,2017/12/13 9:10,,3640474
3891,61532,3899,3886,2017/12/13 9:15,,3639880
3889,44338,3892,3887,2017/12/13 9:20,,3638824
3884,32718,3890,3884,2017/12/13 9:25,,3639330
3888,37354,3890,3882,2017/12/13 9:30,,3639116
3879,54378,3888,3878,2017/12/13 9:35,,3641896
3881,35026,3884,3878,2017/12/13 9:40,,3637986
3895,55734,3896,3880,2017/12/13 9:45,,3641024
3892,48076,3896,3887,2017/12/13 9:50,,3646728
3900,78368,3906,3892,2017/12/13 9:55,,3650154
3908,146094,3916,3899,2017/12/13 10:00,,3650228
3912,41388,3912,3906,2017/12/13 10:05,,3657940
3911,82088,3917,3902,2017/12/13 10:10,,3663604
3920,127516,3922,3910,2017/12/13 10:30,,3671944
3918,54410,3921,3915,2017/12/13 10:35,,3674818
3921,47484,3925,3918,2017/12/13 10:40,,3679628
3915,73350,3922,3912,2017/12/13 10:45,,3682380
3908,79100,3917,3905,2017/12/13 10:50,,3694400
3906,81440,3907,3899,2017/12/13 10:55,,3694952
3908,38878,3908,3900,2017/12/13 11:00,,3695868
3901,43364,3908,3899,2017/12/13 11:05,,3695702
3899,83534,3902,3894,2017/12/13 11:10,,3696638
3911,87996,3915,3897,2017/12/13 11:15,,3700452
3928,160680,3930,3911,2017/12/13 11:20,,3698172
3917,120712,3931,3915,2017/12/13 11:25,,3682472
3915,51770,3918,3913,2017/12/13 13:30,,3685294
3908,45834,3918,3907,2017/12/13 13:35,,3683750
3909,46436,3915,3908,2017/12/13 13:40,,3683110
3901,87162,3911,3899,2017/12/13 13:45,,3691554
3897,77394,3903,3896,2017/12/13 13:50,,3693240
3885,187886,3899,3880,2017/12/13 13:55,,3698834
3890,77742,3895,3884,2017/12/13 14:00,,3702632
3878,123084,3890,3877,2017/12/13 14:05,,3722750
3894,103348,3896,3878,2017/12/13 14:10,,3721016
3893,45952,3895,3890,2017/12/13 14:15,,3723320
3885,90164,3893,3883,2017/12/13 14:20,,3736306
3890,107936,3890,3877,2017/12/13 14:25,,3729992
3886,102082,3897,3886,2017/12/13 14:30,,3722398
3887,67308,3890,3881,2017/12/13 14:35,,3717272
3881,133778,3887,3874,2017/12/13 14:40,,3724488
3888,66002,3891,3880,2017/12/13 14:45,,3721280
3894,78524,3896,3884,2017/12/13 14:50,,3713916
3888,106306,3900,3886,2017/12/13 14:55,,3686696
3894,145112,3897,3883,2017/12/13 21:00,,3692734
3888,121164,3901,3886,2017/12/13 21:05,,3691764
3901,97226,3902,3885,2017/12/13 21:10,,3682688
3892,82826,3902,3888,2017/12/13 21:15,,3679780
3882,107086,3892,3882,2017/12/13 21:20,,3666304
3888,93258,3891,3881,2017/12/13 21:25,,3648214
3892,74166,3896,3887,2017/12/13 21:30,,3644164
3889,44900,3894,3889,2017/12/13 21:35,,3635306
3880,104790,3889,3879,2017/12/13 21:40,,3647584
3886,40288,3886,3878,2017/12/13 21:45,,3644786
3883,20696,3886,3881,2017/12/13 21:50,,3645340
3880,55718,3888,3878,2017/12/13 21:55,,3646780
3885,42830,3888,3879,2017/12/13 22:00,,3640836
3886,18846,3887,3883,2017/12/13 22:05,,3639934
3884,30552,3890,3883,2017/12/13 22:10,,3637262
3885,14084,3888,3884,2017/12/13 22:15,,3635822
3884,13460,3886,3882,2017/12/13 22:20,,3634862
3893,61698,3895,3883,2017/12/13 22:25,,3631906
3889,41402,3894,3886,2017/12/13 22:30,,3635086
3890,24956,3893,3886,2017/12/13 22:35,,3635410
3888,13922,3892,3888,2017/12/13 22:40,,3634744
3886,27918,3892,3884,2017/12/13 22:45,,3629688
3885,27206,3891,3885,2017/12/13 22:50,,3623598
3889,59272,3890,3883,2017/12/13 22:55,,3600460
3885,107784,3896,3881,2017/12/14 9:00,,3607122
3858,293564,3885,3852,2017/12/14 9:05,,3630598
3858,89030,3865,3856,2017/12/14 9:10,,3640340
3866,93136,3869,3857,2017/12/14 9:15,,3639678
3889,247262,3900,3864,2017/12/14 9:20,,3600888
3889,72238,3892,3886,2017/12/14 9:25,,3599494
3891,44620,3891,3886,2017/12/14 9:30,,3594938
3895,87486,3898,3890,2017/12/14 9:35,,3593988
3899,110212,3903,3895,2017/12/14 9:40,,3589234
3889,60792,3899,3888,2017/12/14 9:45,,3587512
3890,35178,3895,3887,2017/12/14 9:50,,3588850
3893,27870,3894,3889,2017/12/14 9:55,,3587628
3888,36312,3895,3886,2017/12/14 10:00,,3588066
3889,22084,3891,3886,2017/12/14 10:05,,3590264
3886,25878,3888,3884,2017/12/14 10:10,,3587590
3879,104266,3887,3876,2017/12/14 10:30,,3579280
3882,34112,3882,3877,2017/12/14 10:35,,3578292
3876,61968,3882,3872,2017/12/14 10:40,,3579166
3872,65770,3880,3869,2017/12/14 10:45,,3581184
3873,50784,3873,3868,2017/12/14 10:50,,3581804
3865,72882,3872,3863,2017/12/14 10:55,,3586660
3863,120220,3866,3856,2017/12/14 11:00,,3592762
3864,57436,3869,3860,2017/12/14 11:05,,3595582
3866,38984,3870,3863,2017/12/14 11:10,,3597294
3866,37204,3867,3862,2017/12/14 11:15,,3598216
3863,40848,3867,3859,2017/12/14 11:20,,3599676
3856,64878,3863,3856,2017/12/14 11:25,,3598654
3833,361000,3855,3832,2017/12/14 13:30,,3607268
3832,154502,3837,3827,2017/12/14 13:35,,3610772
3826,178206,3831,3821,2017/12/14 13:40,,3628790
3832,98954,3835,3826,2017/12/14 13:45,,3620864
3836,59934,3837,3832,2017/12/14 13:50,,3621124
3835,130526,3842,3831,2017/12/14 13:55,,3615848
3830,65300,3838,3827,2017/12/14 14:00,,3618156
3831,47060,3832,3828,2017/12/14 14:05,,3625496
3822,84776,3831,3822,2017/12/14 14:10,,3643460
3834,80322,3836,3821,2017/12/14 14:15,,3643196
3830,33330,3834,3828,2017/12/14 14:20,,3641442
3830,37890,3830,3826,2017/12/14 14:25,,3644534
3828,38020,3831,3826,2017/12/14 14:30,,3640648
3821,121256,3829,3817,2017/12/14 14:35,,3643216
3827,64138,3829,3820,2017/12/14 14:40,,3637526
3830,90220,3835,3827,2017/12/14 14:45,,3629538
3836,72970,3836,3826,2017/12/14 14:50,,3611156
3830,145654,3840,3828,2017/12/14 14:55,,3571054
3827,99778,3829,3821,2017/12/14 21:00,,3576334
3824,154610,3828,3813,2017/12/14 21:05,,3583704
3826,69474,3827,3820,2017/12/14 21:10,,3583896
3822,40752,3826,3821,2017/12/14 21:15,,3590120
3817,73354,3822,3814,2017/12/14 21:20,,3591660
3819,44986,3819,3813,2017/12/14 21:25,,3589910
3816,34488,3820,3815,2017/12/14 21:30,,3592438
3820,31110,3822,3815,2017/12/14 21:35,,3591954
3820,16196,3821,3818,2017/12/14 21:40,,3592174
3827,63368,3829,3819,2017/12/14 21:45,,3583788
3820,44112,3829,3820,2017/12/14 21:50,,3580880
3825,29526,3825,3820,2017/12/14 21:55,,3580690
3832,124678,3837,3824,2017/12/14 22:00,,3582200
3832,57112,3836,3829,2017/12/14 22:05,,3581908
3830,40220,3833,3827,2017/12/14 22:10,,3582438
3829,30494,3831,3826,2017/12/14 22:15,,3580446
3824,36178,3831,3822,2017/12/14 22:20,,3579770
3824,19900,3826,3822,2017/12/14 22:25,,3581066
3828,22970,3830,3824,2017/12/14 22:30,,3580756
3824,22160,3831,3824,2017/12/14 22:35,,3575438
3829,21400,3831,3823,2017/12/14 22:40,,3572432
3829,23852,3832,3828,2017/12/14 22:45,,3570758
3818,73096,3830,3817,2017/12/14 22:50,,3556022
3822,58158,3823,3817,2017/12/14 22:55,,3543078
3824,65954,3828,3819,2017/12/15 9:00,,3545920
3829,65168,3831,3822,2017/12/15 9:05,,3547000
3845,156580,3848,3830,2017/12/15 9:10,,3532426
3839,117220,3848,3838,2017/12/15 9:15,,3519148
3835,61900,3841,3833,2017/12/15 9:20,,3512424
3823,95036,3836,3822,2017/12/15 9:25,,3511536
3828,45088,3831,3822,2017/12/15 9:30,,3514738
3826,39586,3832,3825,2017/12/15 9:35,,3512766
3825,32470,3828,3823,2017/12/15 9:40,,3515754
3827,51516,3830,3821,2017/12/15 9:45,,3512724
3830,27078,3830,3826,2017/12/15 9:50,,3512876
3833,45456,3836,3828,2017/12/15 9:55,,3513368
3829,43660,3838,3829,2017/12/15 10:00,,3513012
3828,23804,3830,3826,2017/12/15 10:05,,3513208
3823,69650,3830,3816,2017/12/15 10:10,,3511426
3817,44980,3828,3817,2017/12/15 10:30,,3512034
3820,60096,3823,3816,2017/12/15 10:35,,3510478
3815,38814,3823,3815,2017/12/15 10:40,,3511058
3820,49590,3824,3815,2017/12/15 10:45,,3506896
3823,15862,3823,3819,2017/12/15 10:50,,3506690
3820,18778,3825,3819,2017/12/15 10:55,,3505492
3819,46190,3820,3814,2017/12/15 11:00,,3505358
3821,19650,3822,3817,2017/12/15 11:05,,3504570
3820,16886,3821,3818,2017/12/15 11:10,,3507776
3833,87718,3836,3820,2017/12/15 11:15,,3505258
3833,123784,3840,3831,2017/12/15 11:20,,3505142
3833,56626,3837,3832,2017/12/15 11:25,,3502416
3854,264184,3856,3834,2017/12/15 13:30,,3449394
3853,86482,3858,3851,2017/12/15 13:35,,3442830
3858,92964,3860,3849,2017/12/15 13:40,,3448694
3858,84226,3862,3853,2017/12/15 13:45,,3446756
3854,92438,3862,3852,2017/12/15 13:50,,3450552
3856,51542,3860,3854,2017/12/15 13:55,,3451988
3852,86546,3856,3847,2017/12/15 14:00,,3441958
3852,32206,3854,3850,2017/12/15 14:05,,3442802
3847,74480,3853,3844,2017/12/15 14:10,,3443666
3847,36008,3850,3845,2017/12/15 14:15,,3445612
3846,56558,3849,3841,2017/12/15 14:20,,3440234
3842,42658,3846,3839,2017/12/15 14:25,,3440274
3843,50112,3844,3836,2017/12/15 14:30,,3437588
3853,88076,3856,3842,2017/12/15 14:35,,3433974
3851,63490,3856,3850,2017/12/15 14:40,,3437460
3853,74728,3859,3849,2017/12/15 14:45,,3437152
3847,67000,3856,3845,2017/12/15 14:50,,3423354
3849,87560,3850,3844,2017/12/15 14:55,,3405270
3858,176638,3871,3855,2017/12/15 21:00,,3400188
3856,61110,3858,3853,2017/12/15 21:05,,3411382
3854,46020,3859,3852,2017/12/15 21:10,,3414472
3856,42352,3860,3854,2017/12/15 21:15,,3418964
3861,46930,3861,3855,2017/12/15 21:20,,3420040
3870,114284,3870,3861,2017/12/15 21:25,,3416310
3862,114822,3876,3861,2017/12/15 21:30,,3394640
3869,53188,3869,3861,2017/12/15 21:35,,3399382
3865,33028,3868,3864,2017/12/15 21:40,,3399536
3857,55732,3867,3856,2017/12/15 21:45,,3398226
3860,30608,3862,3857,2017/12/15 21:50,,3397800
3868,40270,3868,3860,2017/12/15 21:55,,3401396
3866,37796,3868,3864,2017/12/15 22:00,,3405632
3867,57098,3870,3866,2017/12/15 22:05,,3404684
3870,68228,3872,3866,2017/12/15 22:10,,3398058
3864,50494,3871,3863,2017/12/15 22:15,,3392174
3868,24192,3868,3863,2017/12/15 22:20,,3387520
3874,82722,3877,3865,2017/12/15 22:25,,3376904
3870,87858,3880,3868,2017/12/15 22:30,,3370188
3888,152002,3889,3870,2017/12/15 22:35,,3347824
3888,103290,3892,3882,2017/12/15 22:40,,3344496
3894,116250,3896,3889,2017/12/15 22:45,,3335074
3890,65788,3897,3890,2017/12/15 22:50,,3327986
3904,204078,3910,3890,2017/12/15 22:55,,3280966
3905,451778,3934,3888,2017/12/18 9:00,,3277904
3914,118064,3914,3903,2017/12/18 9:05,,3278464
3906,71238,3915,3903,2017/12/18 9:10,,3277334
3900,70968,3909,3899,2017/12/18 9:15,,3272914
3906,44406,3907,3899,2017/12/18 9:20,,3274746
3901,41584,3907,3901,2017/12/18 9:25,,3274240
3899,41740,3904,3899,2017/12/18 9:30,,3271986
3902,36020,3904,3898,2017/12/18 9:35,,3264936
3900,28952,3905,3900,2017/12/18 9:40,,3268286
3890,83174,3904,3888,2017/12/18 9:45,,3263656
3887,106158,3891,3882,2017/12/18 9:50,,3265552
3898,56940,3898,3885,2017/12/18 9:55,,3266964
3894,48576,3900,3893,2017/12/18 10:00,,3270194
3882,105728,3894,3880,2017/12/18 10:05,,3272262
3872,172318,3887,3867,2017/12/18 10:10,,3260156
3863,168516,3872,3858,2017/12/18 10:30,,3248296
3867,66968,3869,3860,2017/12/18 10:35,,3256180
3864,64386,3871,3862,2017/12/18 10:40,,3261180
3855,85126,3867,3855,2017/12/18 10:45,,3260738
3853,147736,3860,3849,2017/12/18 10:50,,3263648
3856,73656,3863,3852,2017/12/18 10:55,,3263900
3865,92688,3867,3856,2017/12/18 11:00,,3268662
3867,25350,3867,3862,2017/12/18 11:05,,3272694
3861,25988,3867,3860,2017/12/18 11:10,,3277276
3864,37342,3864,3858,2017/12/18 11:15,,3281510
3865,32160,3866,3862,2017/12/18 11:20,,3277870
3870,42870,3871,3863,2017/12/18 11:25,,3267532
3863,74586,3874,3862,2017/12/18 13:30,,3264954
3864,28096,3866,3860,2017/12/18 13:35,,3271440
3850,129122,3867,3845,2017/12/18 13:40,,3284966
3844,158462,3850,3838,2017/12/18 13:45,,3293816
3842,125228,3844,3834,2017/12/18 13:50,,3316152
3852,128266,3854,3836,2017/12/18 13:55,,3324502
3850,83378,3856,3848,2017/12/18 14:00,,3317326
3863,113212,3866,3847,2017/12/18 14:05,,3304044
3874,196734,3877,3863,2017/12/18 14:10,,3294072
3877,111896,3879,3869,2017/12/18 14:15,,3301930
3880,336258,3904,3878,2017/12/18 14:20,,3296560
3880,129794,3885,3873,2017/12/18 14:25,,3300326
3890,100798,3894,3878,2017/12/18 14:30,,3305642
3886,77312,3894,3883,2017/12/18 14:35,,3310296
3889,60924,3892,3883,2017/12/18 14:40,,3313552
3891,45184,3893,3886,2017/12/18 14:45,,3314956
3891,73848,3892,3882,2017/12/18 14:50,,3306028
3892,123900,3895,3887,2017/12/18 14:55,,3283394
3881,155898,3895,3877,2017/12/18 21:00,,3284528
3876,133398,3881,3866,2017/12/18 21:05,,3275738
3870,66038,3879,3870,2017/12/18 21:10,,3275556
3865,127800,3876,3857,2017/12/18 21:15,,3275758
3870,72328,3873,3863,2017/12/18 21:20,,3280188
3870,36698,3873,3867,2017/12/18 21:25,,3286798
3864,74592,3875,3864,2017/12/18 21:30,,3294070
3864,57622,3868,3860,2017/12/18 21:35,,3298500
3867,30642,3870,3863,2017/12/18 21:40,,3300550
3866,27868,3867,3863,2017/12/18 21:45,,3302192
3868,37778,3869,3864,2017/12/18 21:50,,3305282
3877,77454,3878,3868,2017/12/18 21:55,,3311952
3875,90228,3883,3875,2017/12/18 22:00,,3311976
3875,52854,3878,3870,2017/12/18 22:05,,3309350
3874,19422,3876,3871,2017/12/18 22:10,,3310664
3877,30852,3877,3870,2017/12/18 22:15,,3310022
3878,38024,3881,3875,2017/12/18 22:20,,3309790
3876,21848,3880,3876,2017/12/18 22:25,,3312560
3877,25188,3878,3871,2017/12/18 22:30,,3310892
3880,31258,3880,3873,2017/12/18 22:35,,3314708
3883,66840,3885,3878,2017/12/18 22:40,,3316684
3877,30798,3884,3877,2017/12/18 22:45,,3314040
3870,66100,3882,3870,2017/12/18 22:50,,3304730
3865,111008,3875,3863,2017/12/18 22:55,,3270534
3868,123956,3870,3861,2017/12/19 9:00,,3270154
3869,45146,3872,3861,2017/12/19 9:05,,3274150
3868,25224,3872,3867,2017/12/19 9:10,,3277312
3871,42586,3876,3868,2017/12/19 9:15,,3277984
3872,25722,3877,3870,2017/12/19 9:20,,3278644
3873,16670,3874,3871,2017/12/19 9:25,,3280856
3869,44524,3878,3867,2017/12/19 9:30,,3283868
3867,27294,3871,3867,2017/12/19 9:35,,3284546
3868,14130,3871,3867,2017/12/19 9:40,,3287600
3865,61854,3869,3860,2017/12/19 9:45,,3296732
3869,50980,3873,3862,2017/12/19 9:50,,3291156
3869,35946,3872,3866,2017/12/19 9:55,,3290518
3872,50832,3876,3869,2017/12/19 10:00,,3291106
3849,148558,3874,3845,2017/12/19 10:05,,3293884
3852,170356,3856,3843,2017/12/19 10:10,,3309452
3847,92304,3853,3844,2017/12/19 10:30,,3315410
3843,71802,3851,3841,2017/12/19 10:35,,3324036
3834,226364,3845,3828,2017/12/19 10:40,,3337474
3830,128010,3838,3828,2017/12/19 10:45,,3369998
3839,95114,3841,3829,2017/12/19 10:50,,3370744
3840,80208,3845,3837,2017/12/19 10:55,,3365582
3844,83694,3849,3837,2017/12/19 11:00,,3362580
3839,43536,3847,3837,2017/12/19 11:05,,3367898
3834,57672,3841,3834,2017/12/19 11:10,,3377460
3839,130620,3844,3829,2017/12/19 11:15,,3377636
3834,54254,3839,3831,2017/12/19 11:20,,3382146
3822,137700,3836,3822,2017/12/19 11:25,,3396416
